<!DOCTYPE suite SYSTEM "http://testng.org/testng-1.0.dtd">
<suite name="Suite" parallel="tests" thread-count="3">
    <parameter name="Framework" value="TestNG"></parameter>
    
    <!-- UI Tests -->
    <test name = "selectProducttoChekout">
        <parameter name="TestName" value="validateCart"/>
        <parameter name ="browserType" value = "edge"/>
        <parameter name ="appURL" value="https://demo.nopcommerce.com/"/>
        <classes>
            <class name = "tests.ui.EcommerceTest">
                <methods>
                    <include name="selectProducttoChekout">
                    </include>
                </methods>
            </class>
        </classes>
    </test>
    <test name = "BookAppointment">
        <parameter name="TestName" value="BookAppointment"/>
        <parameter name ="browserType" value = "chrome"/>
        <parameter name ="appURL" value="https://katalon-demo-cura.herokuapp.com/"/>
        <classes>
            <class name = "tests.ui.BookAppointmentTest">
                <methods>
                    <include name="makeappointment">
                    </include>
                </methods>
            </class>
        </classes>
    </test>
    
    <test name = "Validate HC Home Page">
        <parameter name="TestName" value="NavigaetToAppointment"/>
        <parameter name ="browserType" value = "chrome"/>
        <parameter name ="appURL" value="https://katalon-demo-cura.herokuapp.com/"/>
        <classes>
            <class name = "tests.ui.BookAppointmentTest">
                <methods>
                    <include name="HealthCareLogin">
                    </include>
                </methods>
            </class>
        </classes>
    </test>
    
    <test name = "Ecommerce Login">
        <parameter name="TestName" value="LoginValidation"/>
        <parameter name ="browserType" value = "edge"/>
        <parameter name ="appURL" value="https://demo.nopcommerce.com/"/>
        <classes>
            <class name = "tests.ui.EcommerceTest">
                <methods>
                    <include name="EcommerceLogin">
                    </include>
                </methods>
            </class>
        </classes>
    </test>
    
    <!-- API Tests -->
    <test name = "API Testing">
        <parameter name ="appURI" value="https://qet2023-dev.onelogin.com"/>
        <parameter name="TestName" value="LoginUsingPOJO"/>
        <classes>
            <class name = "tests.api.APITest"/>
        </classes>
    </test> 
    
    <!-- SQL Tests -->
    <test name = "SQL Testing">
        <classes>
            <class name = "tests.sql.SQLTest"/>
        </classes>
    </test>  
</suite>